"Insändare. Svar: Trumps uttalande om Grönland kullkastar inte Natos garanti - INSÄNDARE. Den västliga försvarsalliansen har överlevt den långvariga konflikten mellan medlemsländerna Grekland och Turkiet. Donald Trumps yviga retorik om Grönland behöver inte innebära att Natos grundläggande försvarsgaranti har upphört att gälla, skriver Vincent Goodbrand."
Ledare: Undersköterskor kan inte fortsätta vara dubbelt så sjuka som andra - Om undersköterskorna i äldreomsorgen halverar sin sjukfrånvaro hamnar de på snittet på arbetsmarknaden. Det vore inte bara bra rent ekonomiskt. Det skulle dessutom frigöra 6 000 årsarbetskrafter.
"Ukrainas attack uppges vara största hittills på rysk mark - Flera militära mål har träffats i en ”massiv” ukrainsk attack mot Ryssland, uppger Ukraina. Angreppet med drönare och robotar är den största hittills på rysk mark, enligt Kiev."
Lavrov: Kommer att hålla ett vakande öga på Trump - Kreml kommer att hålla ett vakande öga på Donald Trump och granska alla amerikanska fredsförslag när han är tillbaka i Vita huset. Det sade utrikesminister Sergej Lavrov vid sin årliga presskonferens i Moskva. – Vi måste lösa Natofrågan – en gång för alla.
"Ukraina: Familjer till krigsfångar kontaktas av ryska agenter - Utföra terrordåd åt Ryssland eller aldrig se en tillfångatagen familjemedlem igen? Det valet ställs ukrainare inför när de kontaktas av ryska agenter, enligt ukrainska myndigheter."
"Sevillastjärna gripen i matchfixningsskandal - Sevillaspelaren Kike Salas har gripits av polis och anklagas för att ha dragit på sig gula kort i en matchfixningsskandal, uppger La Liga."
Insändare. Noterat av DN:s läsare den 14 januari - INSÄNDARE. Läsarna ger kortfattat sin syn på läget i Sverige och världen samt DN:s innehåll tisdagen den 14 januari.
Frida Westman tillbaka i hoppbacken efter svåra knäskadan - För tre år sedan var hon första svenska kvinna att delta i en OS-backhoppning. Då såg framtiden ljus ut. Men sedan kom den svåra knäskadan. Först nu är Frida Westman tillbaka i hoppbacken – och utesluter inte en VM-start.
"Ministern utmanar Tidöavtalet: Lönegolvets framtid i vågskålen - I strid med regeringsunderlaget öppnar arbetsmarknadsminister Mats Persson för att sänka lönegolvet för arbetskraftsinvandrare. – Jag vill inte föregripa diskussionen om exakt nivå, men kan konstatera att Liberalerna är mer än villiga att lyssna på näringslivet, säger Mats Persson."
"Montreals succésvensk i bilolycka - Montreals succérookie Emil Heineman, 23, har varit inblandad i en trafikolycka. Enligt klubben har han ådragit sig en skada på överkroppen och blir borta i tre-fyra veckor."
"Säpochefen: Främmande makt kan utföra terror i Sverige - SÄLEN. Säkerhetspolisen behåller den höga terrorhotnivån. Chefen Charlotte von Essen ser en risk för att utländska underrättelsetjänster driver fram terrordåd i Sverige. – Främmande makt agerar oförutsägbart, säger hon."
Norska stjärnan vilar från världscupen i längdskidor - Norske skidstjärnan Johannes Høsflot Klæbo är inte redo att tävla ännu efter segern i Tour de ski.
Beirutbor: Det är ny bok vi börjat skriva - Läkaren Hadi Murad planerade att fly Libanon för en säkrare framtid utomlands. Nu väljer han att stanna efter det dramatiska politiska stiftet i landet som stod på randen till kollaps.
"Insändare. Svar: Omöjligt bekämpa skuggflottan med krigsförklaring - SVAR PÅ INSÄNDARE. Sverige är på flera sätt insyltat i flera av de vanligaste bekvämlighetsflaggade länderna. Därför skulle det nog vara omöjligt att möjligt bekämpa den ryska skuggflottan i Östersjön med krigsförklaringar mot dessa länder, skriver Rickard Nordström."
"Insändare. Löfvens kritik mot Musk är hyckleri av värsta sort - INSÄNDARE. En tidigare statsminister och numera ledaren för de Europeiska socialdemokrafterna borde leva som han lär. Stefan Löfvens kritik mot Teslagrundaren Elon Musk är hyckleri av värsta sort, skriver Teslaägaren Simon Lindgren."
Insändare. Hur ska en arbetslös 62-åring få jobb utan statlig hjälp? - INSÄNDARE. Arbetsförmedlingen måste kunna erbjuda hjälp i hela landet till personer som blivit arbetslösa. Hur ska en arbetslös 62-åring kunna få ett jobb utan statlig hjälp? frågar sig Anita K Johansson.
Ewa Stenberg: Kan ett Nato med Trump sätta ner foten mot Putin? - Inget sabotage av vare sig Ryssland eller Kina är bevisat – men Nato startar ändå en regelrätt militär operation i Östersjön. Det visar hur svårt militäralliansen har att hantera kabelbrotten. Nu görs en kraftansträngning för att hitta sätt för Natoländerna att ingripa utan att bryta mot internationell rätt.
”Svennis” dog med stora skulder: ”Finns ingenting att dela ut” - Sven-Göran ”Svennis” Erikssons liv var rikt på framgångar och upplevelser. Men den legendariske fotbollstränaren lämnade efter sig stora skulder. Det visar bouppteckningen.
"Kritiken mot Hegseth: ”Måste ändra din kvinnosyn” - Pete Hegseth kan bli ett av Trumps ministerval som blir svårast för Republikanerna att baxa genom senaten. I tisdagens utfrågning pressas han hårt – inte minst om sin syn på kvinnor i militären. – Du kommer behöva ändra din kvinnosyn om du ska kunna sköta det här jobbet, säger demokraten Kirsten Gillibrand."
"Insändare. Ställ ut containrar för återvinningen av kläder - INSÄNDARE. Att minska textil­slöseriet är en stor och angelägen fråga som alla svenskar nu enligt en ny lag ska verka för. Men då behövs det textilbehållare att lägga kläder i på alla återvinningsstationer, skriver Helve Tsai, vice ordförande i Stockholmspartiet."
Erik Helmerson: Om Bromma läggs ner måste det gå att ta sig till Arlanda - Det är rätt att lägga ner Bromma flygplats. Men vem kan lita på att politikerna betalar de stora summor som krävs för att Arlanda ska bli ett vettigt alternativ?
Village People uppträder när Trump blir president: ”Hjälper till att föra landet samman” - Att countrysångerskan Carrie Underwood kommer att sjunga när Donald Trump svärs in som president den 20 januari har väckt starka reaktioner i sociala medier. Dessutom uppträder discogruppen Village People i samband med presidentinstallationen.
"Extra skjuts uppåt på börsen efter nya tulluppgifter - Signaler om en mjukstart för nya USA-tullar när Donald Trump tillträder gav en börsvändning. Ovanpå det kom oväntat små prisökningar i USA:s producentled i december, vilket dämpar inflationsoron. Stockholmsbörsens OMXS-index har strax före klockan 15 gått upp med 0,9 procent."
Emma Bouvin: Just nu är inget otänkbart i Libanon - Nyss såg det som sker i Libanon otänkbart ut. Efter år av politiskt dödläge har landet fått en president som vågat gå emot Hizbollah i sitt val av premiärminister. En del libaneser vågar nu drömma om en framtid – där huvudstaden åter kan kallas ”Mellanösterns Paris”.
"Rimmad romandebut med lite väl fria tyglar - Fritiof Ajvide debuterar med ”Våldet under huden”, en roman som präglas av kärleken till gangsterrappen. Det blir lite fluffigt och dissonant, tycker Gabriel Zetterström."
"OS-stjärnan till Diamond League i Stockholm - Hon vann OS-guld i Paris. Nu är 100-metersstjärnan Julien Alfred, Saint Lucia, klar för Diamond League-galan i Stockholm."
"Kravet på regeringen: ”Lägg korten på bordet om Bromma” - Bromma flygplats blöder pengar och regeringen väljer att dölja kostnaderna. Kritiken kommer från Stockholms handelskammare. – Förlusterna dränerar Swedavias möjligheter att utveckla Arlanda, säger chefekonomen Carl Bergkvist."
"Medvedevs utbrott: Slog sönder racket och kamera - Till slut tappade Daniil Medvedev humöret. Frustrerad slog han sönder sin racket och nätkameran. – Jag vet att jag spelar bättre när jag spelar mer tennis, säger stjärnan om den tuffa femsetaren mot thailändaren Kasidit Samrej."
"Domen för Arsenalstjärnan: Korsbandet av - Arsenals anfallare Gabriel Jesus bars ut på bår i FA-cupmötet med Manchester United – och nu står det klart att främre korsbandet är av, skriver klubben på X."
"Hanna Fahl: Det är en uråldrig historia – mannen med sund kvinnosyn som visar sig vara rutten - Neil Gaiman och Joss Whedon profilerade sig båda som feminister med sund kvinnosyn. Därför blir fallet desto större när de anklagas för motsatsen, skriver Hanna Fahl."
"Nathan Shachar: Många har dött i väntan på ett avtal som torpederats - ”Gång på gång under året som gått har vi, med vårt politiska inflytande, lyckats torpedera avtal om gisslanutväxling”. Med de orden, i en post på nätet, har polisminister Itamar Ben Gvir ställt till det ordentligt för premiärminister Benjamin Netanyahu."
Frida Karlsson tillbaka – åker i Les Rousses - Överbelastningsskadan i foten stoppade henne från Tour de Ski. Nu är Frida Karlsson redo för världscupen igen. Skidstjärnan gör comeback i Les Rousses senare i veckan.
"Friades från mord på sambon – nya bevis kan fälla - Den 61-årige mannen åtalades för mord och grov våldtäkt på sin sambo. Åklagaren yrkade på livstid. Tingsrätten friade mannen från mord, men dömde för våldtäkt av normalgraden till 3 år och 8 månaders fängelse. Nu har åklagaren överklagat domen – och hon har ny bevisning."
Fantasyförfattaren Neil Gaiman anklagas för sexuella övergrepp - Den prisbelönta fantasyförfattaren Neil Gaiman är aktuell med flera tv-serieadaptioner. Men efter att han förra året anklagades för sexuella övergrepp har två av produktionerna lagts på is – och nu kliver fler kvinnor fram i en granskning i Vulture.
Knappt har röken lagt sig – nu rullar byggföretagen in - LOS ANGELES. Det ryker fortfarande från de ödelagda hustomterna efter den dyraste naturkatastrofen i Kaliforniens historia. Då rullar en byggherre ut sina maskiner.
"Nato inleder ny insats för Östersjöns säkerhet - HELSINGFORS. Nato ökar ytterligare sin närvaro i Östersjön. Det meddelar ledare för Natos åtta Östersjöländer vid ett extrainsatt toppmöte på tisdagen. En ny operation, Baltic Sentry, inleds. För att få bukt med Rysslands så kallade skuggflotta går länderna även igenom sina lagar för att se om de kan göra som Finland: borda en oljetanker och ta den i beslag."
"Malin Ullgren: 1925 ringde och ville ha sina erotiska hotspots tillbaka - Är det något min generation ständigt påminns om är det att allt som vi tyckte var normalt, som krogragg och demokrati, tillhör världen av i går, skriver Malin Ullgren."
"Marjane Satrapi tackar nej till franska Hederslegionen - Den iransk-franska tecknaren och filmaren Marjane Satrapi tackar nej till den franska utmärkelsen Hederslegionen, som hon tilldelades i somras, skriver Le Monde."
"Björn Wiman: Vem hade trott att gymägaren från Ockelbo var en kulturprins? - Retoriskt har kungahuset låg benchmark, som det heter på managementsvenska. Men prins Daniels lovtal till filmkonsten var sällsynt levande, skriver Björn Wiman."
"DN Debatt Repliker. ”Etiska principer måste gälla även i det psykiatriska forskningsfältet” - DN DEBATT REPLIK. Jenny Wetterling och Alain Topor, RSMH: Historien förskräcker med försök på människor med psykiska problem utan deras medgivande, från elchockbehandlingens första patient till lobotomin."
"Forssell: ”Medborgarskap ska vara någonting man förtjänar” - Det ska ta längre tid innan någon kan bli svensk medborgare. Dessutom ska krav ställas på egen försörjning, kunskap om det svenska samhället och på ett hederligt levnadssätt. Det är förslagen i en ny utredning som presenterades på tisdagen. Enligt migrationsminister Johan Forssell kan kraven bli hårdare än utredningen föreslår. – Vi kommer studera om det här går tillräckligt långt. Jag stänger inga dörrar åt något håll, säger han till DN."
Förmögen elitist och övertygad europé – här är mannen som vill leda Tyskland - BERLIN. Många bedömare är överens: Det enda som kan stoppa Friedrich Merz från att bli tysk förbundskansler i valet den 23 februari är hans egna misstag. Han måste hålla sin arrogans i schack. DN har gjort en genomlysning av miljonären som flyger sina egna flygplan och är en övertygad europé.
Dieselpriset nära 19 kronor litern - Ledande drivmedelskedjor höjer priserna tydligt för så gott som alla fossila drivmedel – den senaste höjningen i en rad av höjningar på senare tid.
"Filip och Fredrik jobbar på ny film - Det blev inget jättefirande för Filip och Fredrik efter Guldbaggen. Nu har duon börjat på en ny film. ”Arbetet fortsätter! Vi ska träffas klockan 9 i morgon (läs: i dag) för att skriva”, säger Fredrik Wikingsson."
"Avtal om vapenvila kan bli klart i dag - Om inget oförutsett inträffar är chansen stor att ett avtal om vapenvila i Gaza kan nås på tisdagen, uppger källor med insyn i förhandlingarna till Jerusalem Post. Enligt nyhetsbyrån AP har Hamas accepterat ett utkast till överenskommelse."
Kina redo slå tillbaka mot Trumps tullhot - Århundrades maktkamp mellan USA och Kina skruvas upp när Donald Trump åter kliver upp på presidenttronen. Trump har lovat höjda tullarna på kinesiska varor från dag ett. Och den här gången väntas Peking gå till hårt motangrepp i en strid där hela världen står som förlorare.
"Vesna Prekopic: Medier normaliserar sexuell exploatering - Kvinnor som exploateras och utnyttjas sexuellt är inte en likvärdig part gentemot de män som köper dem. Därför ska medier inte kalla dem för sexarbetare, skriver Vesna Prekopic."
"Insändare. Förklara krig mot små stater som Putin utnyttjar - INSÄNDARE. Länderna runt Östersjön behöver agera ännu mer kraftfullt mot den ryska skuggflottan i Östersjön. Förklara krig mot de små stater där fartyg bekvämlighetsflaggas, skriver Kenneth Nilsson."
"Hamnarbetarförbundet varslar om blockad mot Israel - Hamnarbetarförbundet vill blockera leveranser av försvarsmateriel till och från Israel. På tisdagen varslade fackföreningen arbetsgivaren, Sveriges Hamnar, om planerna. – Bakgrunden för våra medlemmar är den humanitära situationen – att det är så fruktansvärt många barn som dör, säger förbundets vice ordförande Erik Helgeson."
"Insändare. Svar: ”Den sista resan” är en mänsklig och varm film - SVAR PÅ INSÄNDARE. Att vuxna barn tar med en äldre förälder på en upplevelse utomlands är något som jag själv skulle vilja uppleva. ”Den sista resan” är en mänsklig och varm film, skriver Susanne Linde."
"Åsa Beckman: Min åskpinne gick ett dystert öde till mötes - Att visa upp och recensera pinnar på nätet har blivit ett viralt fenomen. Åsa Beckman förstår varför. ”Alla som har plockat hem en pinne från skogen vet att de kan ha betydligt mer utvecklade personligheter än människor”, skriver hon i en kärleksförklaring till sin barndoms åskpinne."
Pinnar gör succé på sociala medier - Män som lever ut sin inre pojke eller ett allmänmänskligt uttryck för biofili? DN besöker det som kallats för ”internets bästa plats”: bilder på pinnar.
"Trumpåklagaren: Han skulle ha fällts i domstol - Trump skulle ha fällts för sina försök att sitta kvar vid makten 2020 om han inte hade blivit omvald till president, enligt särskilde åklagaren Jack Smith. ”Ingen människa i detta land är så högt uppsatt att han står över lagen”, skriver han i en offentliggjord rapport. Efter två nedlagda brottsutredningar har Smith sagt upp sig, men anser att hans teams arbete ändå har varit till rättsstatens gagn."
Mamman som hållit sina barn undan samhället kan själv inte läsa - Hon erkänner att hon hindrat sina barn från att gå i skolan. Men nekar till att medvetet ha saboterat deras LVU. Kvinnan som är född i Norge och uppvuxen i Sverige säger att hon aldrig förstått myndighetsbesluten. – Jag kan själv inte läsa.
"Nisse: Alla fakta är fel, men det stämmer nog ändå - Den som inte orkar googla själv kan alltid fråga AI. Så resonerar allt fler. Somliga tycks till och med lita på resultat som de vet inte stämmer."
"Hamas har en ny Sinwar – och han rekryterar - En ny Sinwar har stigit i graderna sedan Hamasledaren Yahya Sinwars död. Lillebror Mohammed sägs nu leda den militära grenen – och uppges jobba hårt för att bygga upp den terrorstämplade rörelsen. – Hamas återuppbyggs snabbare än Israel dödar dem, säger en israelisk före detta general."
"Danske Rune vidare efter rysare - Det krävdes fem set. Men till slut blev Holger Rune klar för andra omgången i Australian Open. Dansken fick 4–6, 6–3, 6–4, 3–6, 6–4 mot kinesen Zhang Zhizhen."
"Klart för nordiskt AI-samarbete – inspirerat av Sverige - Det Nordiska ministerrådet har klubbat finansieringen av ett nordiskt AI-center. – Europa har halkat efter och vi ser att vi behöver lägga i en extra växel, säger EU-minister Jessica Rosencrantz till DN."
"Fascistisk falkenerare la ut penisbild – sparkas - Lazio har sparkat sin högerextrema falkenerare, som har hand om klubbens maskot, örnen Olimpia. Skälet: han har lagt ut bilder på sin erigerade penis på nätet."
"Guide: Inför herrarnas handbolls-VM - Sverige är revanschsuget efter OS-missen i somras, men skador stör. Favoritskapet hamnar i stället som vanligt på Danmark. Här är guiden inför herrarnas handbolls-VM."
"Trots stjärntappet – Danmark Hellgrens VM-favorit - Två av handbollsvärldens starkast lysande stjärnor har slutat i landslaget, men Danmark ses ändå som favorit när VM inleds på tisdagen. – För danskarna är Mikkel Hansen och Niklas Landin som Zlatan för Sverige, säger tv-experten Claes Hellgren."
"Johan Croneman: Skitungen Jonatan Unge hade kunnat få mig att gråta - I SVT-serien ”Cecilias unge” följer den enastående Cecilia Hagen med sin son Jonatan Unge på en misslyckad ståuppturné. För min del hade de kunnat småprata i en tvättstuga. Det hade ändå blivit lysande tv, skriver Johan Croneman."
"Militärexpert: Hybridkrig är största ryska hotet i Östersjön - Nato ökar sin närvaro i Östersjön efter att Finland beslagtagit oljetankern Eagle S, som misstänks vara en del av Rysslands skuggflotta. Det är en ovan situation för försvarsalliansen, menar Tormod Heier, professor vid norska försvarshögskolan. – Nato är dåligt på hybridkrig, säger han."
"Bostadsmarknaden överraskar med stark uppgång under 2024 - Trots ett turbulent år visar den svenska bostadsmarknaden en oväntat stark uppgång på över fem procent under 2024. I landets storstäder har bostadspriserna fortsatt att stiga, och på riksnivå har både bostadsrätter och villor uppvisat en stadig prisuppgång. Det visar Svensk Mäklarstatistik."
"Året var 1986 – har du koll? - Det handlar om sport, musik och politik – testa vad du kan."
"Barbro, 85: Halkan gör att folk bunkrar mat - Varje år skadas tusentals personer allvarligt av fallolyckor i trafikmiljön, runt hälften på grund av snö och is. För 85-åriga Barbro Olsson i Gubbängen i södra Stockholm innebär risken att skada sig att hon blir instängd i sitt hem. – Broschyren ”När krisen eller kriget kommer” borde kompletteras med ”när halkan kommer”, säger Barbro Olsson."
"Här drabbas flest av halkolyckor i Stockholm - Förra vintern sökte över femtusen patienter vård för halkolyckor i Region Stockholm. Det kostade sjukvården mer än hundra miljoner kronor – och värst drabbades en välmående del av innerstaden, visar DN:s grafik."
"”Är snart 40 år - ska jag ge upp hoppet om en längre relation?” - Han är nästan 40 år och har aldrig haft ett längre förhållande med en kvinna. Hur ska han hantera känslan av ensamhet och otillräcklighet, som bara växer sig starkare? Och ska han ge upp hoppet om att träffa någon? Psykoterapeuten Daniel Rosenlind ger råd."
"Helena Lindblad: Guldbaggen till Bianca Kronlöf var kvällens hit - Om Lars Hammar i ”Den sista resan” stal publikens hjärtan, så var det Bianca Kronlöf som stod för den politiska passionen. Helena Lindblad larmar och gör sig till för en vinnande visselblåsare i vårddramat ”Så länge hjärtat slår”."
Karin Eriksson: Trumps attacker följer ett bekant mönster - WASHINGTON. Los Angeles står i lågor och Donald Trump står på tröskeln till Vita huset. På måndag ska han inleda satsningen för att maximera USA:s produktion av gas och olja. Då hamnar Kaliforniens klimatsatsningar i skottgluggen på ett särskilt sätt.
"Nytt lagförslag ska bana väg för Trumps Grönlandsköp - Ett nytt amerikanskt lagförslag, ”Make Greenland great again act”, ska bana väg för Trump att köpa Grönland. – Amerikanska ekonomiska intressen kommer inte längre att hamna i baksätet, säger republikanen Andy Ogles som har tagit fram förslaget. Men både danskarna och grönländarna har redan avfärdat idén."
Efter drönarskandalen – hon tar över Kanada - Förra engelska landslagskaptenen Casey Stoney blir förbundskapten för Kanadas damlandslag i fotboll.
Levan Akins ”Passage” tar hem priset för bästa film på den 60:e Guldbaggegalan - Levan Akins queerdrama ”Passage” tog hem tungviktsklasserna på den 60:e Guldbaggegalan där Prins Daniel höll ett passionerat brandtal till filmkonsten. Som väntat tog Filip och Fredriks biosuccé ”Den sista resan” hem både publikpriset och bästa dokumentär.
Släckningsarbetet försvåras när vinden tilltar - Vinden i Kalifornien tilltar och befaras försvåra släckningsarbetet de närmaste dagarna. Situationen bedöms som ”särskilt farlig” och lokala myndigheter uppmanar invånare att göra sig redo för evakueringsorder.
"Expert: Putin gottar sig åt Grönlandsbråket - Donald Trump spelar president Vladimir Putin i händerna när han skakar om Nato och hotar Danmark för att komma åt Grönland. – Jag kan tänka mig att de sitter och ler i Kreml, säger Östeuropaexperten Charlotta Rodhe. Men om den blivande USA-ledarens planer blir verklighet är det inte lika positivt för ryssarna."
"Så mycket har andrahandshyrorna sjunkit i storstäderna - Det pumpas ut färre andrahandsbostäder på marknaden – och hyrorna sjunker i de största städerna, visar Qasas senaste rapport. – Om utbudet blir mindre på sikt är det möjligt att priserna går upp igen, säger kommunikationschefen Isabelle Purits."
"DN Debatt. ”En matlåda duger inte som svar på Sveriges tågproblem” - DN DEBATT. Svenskarna vill åka tåg – synd bara att Sverige inte låter dem. I stället får resenärer stå ut med förseningar och uppmanas ta med sig mat utifall att. Vi har mycket att lära oss av andra länder vad gäller alltifrån punktlighet och spårfördelning till arbetsvillkor. Dagens system, där alla skyller på alla, fungerar uppenbart inte, skriver fem trafikdebattörer."
Timrå värvar JVM-forward från Djurgården - Timrå värvar den talangfulle JVM-forwarden Linus Eriksson från Djurgården.
"OS-staden brinner: ”En ekonomisk mardröm” - Om tre år avgörs OS i Los Angeles. Nästa år väntar matcher i fotbolls-VM i samma stad och redan i sommar klubblags-VM. Nu ligger flera av de tänkta arenorna inom – eller precis utanför – evakueringszonerna i brandhärjade Kalifornien. ”En väckarklocka”, menar klimatexperter."
"Insändare. Hyllade ”Den sista resan” känns som ett övergrepp - INSÄNDARE. Sveriges mest omsusade långfilm under förra året är i själva verket allt annat än kärleksfull. Hyllade ”Den sista resan” känns som ett övergrepp på en gammal man, skriver teaterregissören Peter Böök."
"Natos befälhavare om Östersjöoperationen: ”Större säkerhet” - Natos överbefälhavare anser att operationen för att övervaka Östersjön är viktig. – Det är ett försök att få större säkerhet, säger general Christopher Cavoli. Han ser en farligare situation i Europa – men vill inte gå in på detaljer om hur alliansens fartyg ska kunna stoppa undervattenshoten."
"Pensionären Peter blev ligans offer – lurad på 170 000 - Pensionären Peter Berg blev ett av offren när sms-bedragarna lurade till sig äldres besparingar. I realtid såg han dem tömma hans konto på pengar. Nu har åtal väckts – efter insatsen från en anonym hackare. – All kredd till den människan, säger 65-åringen."
"Insändare. Svar: Vi får ta lite obekväma tågresor för klimatets skull - SVAR PÅ INSÄNDARE. Vi har inte råd med själviska och kortsiktiga bekvämlighetskrav för vårt resande. Vid sidan av den privatekonomiska budgeten och tidsbudgeten finns också en koldioxidbudget, vars digra ackumulerade underskott borde ges förtur i alla samtal om vår väl våra transportmedel fungerar, skriver tågresenären Oliver Lindman."
"Tennisstjärnans fasa: ”Brinner tre kvarter från mitt hus” - Naomi Osaka vann sin första match i Australian Open – men tankarna var på annat håll. Nämligen i Los Angeles och brandkatastrofen där. – Jag tittade på kartan och såg att det brinner tre kvarter från mitt hus, säger hon."
"Succésäsongen får anrika klubben att drömma om Europa igen - Snart 45 år har passerat sedan Nottingham Forest stod på den absoluta fotbollstoppen, med två raka Europacuptitlar. Kanske har supportrarna nu börjat drömma stort på riktigt igen – klassikerklubben är nämligen säsongens stora överraskning i England."
"Bundna boräntor stiger: ”Funderar man på att binda bör man göra det nu” - Räntorna på bundna bolån ser ut att vara på väg uppåt samtidigt som den rörliga tremånadersräntan väntas sjunka ytterligare. Har fönstret där det kunde löna sig att binda nu stängts? – Om man funderar på att binda bör man göra det nu, säger SEB:s privatekonom Américo Fernández."
Våldsdåd misstänks vara riktade mot fotbollsagentur - Två personer knutna till en fotbollsagentur misstänks på kort tid ha varit måltavlor vid två våldsdåd i Göteborgsområdet. Enligt uppgifter till Göteborgs-Posten hänger attentaten samman med en påstådd miljonskuld till ett kriminellt nätverk.
"Djurpark efterlyser hästar – ska bli lejonmat - Den som bestämt sig för att avliva sin häst kan numera göra det på Borås djurpark. Här blir kroppen mat till bland annat lejon och vildhundar. – Det här är en bra möjlighet att berika våra rovdjurs liv ytterligare, säger Erik Johansson, som är chef på parkens zoologiska avdelning."
Dags för 400 miljoner indier att ta ett dopp - Den hinduiska högtiden Maha Kumbh Mela startade på måndagen – en religiös händelse och en logistisk mardröm som inträffar vart tolfte år. Runt 400 miljoner människor väntas till festivalen i norra Indien de närmaste sex veckorna.
"Heintz tillbaka i allsvenskan – nu i IFK Göteborg - Norske mittfältaren Tobias Heintz, 26, återvänder till fotbollsallsvenskan och återförenas med tränaren Stefan Billborn. Heintz, i Häcken för några år sedan, har skrivit på för IFK Göteborg."
Tyson Fury avslutar karriären: ”Varit magiskt” - Tyson Fury lägger boxningshandskarna på hyllan. Det meddelar den flerfaldige världsmästaren i ett videoklipp på Instagram.
"Storbritannien storsatsar på AI i offentlig sektor - Den brittiska regeringen satsar stort på att använda AI i offentlig sektor. Inte minst inom sjukvården hoppas man kunna effektivisera och nå genombrott med nya behandlingsmetoder. – Britterna går före. Sverige riskerar att hamna efter, säger AI-forskaren Fredrik Heintz."
Mordet på Mikael: Larmsamtalet fick åhörarna att brista ut i gråt - Larmsamtalet från 12-åringen som just hade sett sin pappa Mikael skjutas ihjäl i Skärholmen får åhörare på måndagens rättegång att brista ut i gråt. 18-åringen som misstänks för mordet har varit under polisens lupp mer än halva sitt liv.
"Läkare: Att bryta handleden är ett friskhetstecken - Stockholms gator är glashala och sjukhusens akutmottagningar fylls av patienter med brutna ben. Många tar emot sig med händerna i fallet och för en femtedel innebär trasiga handleder långvariga problem. – Skadan bagatelliseras ibland, säger läkaren Linnea Arvidsson."
Israels extremister försöker stoppa gisslanavtal - JERUSALEM.  Den israeliska regeringens bosättarpartier kommer inte att kunna stoppa det avtal om vapenvila och utväxling av gisslan som tar form i Qatar. Det står klart efter att två stora oppositionspartier på måndagen lovat ge Netanyahu ett skyddsnät om koalitionspartier skulle rösta mot avtalet.
"Bränderna en mardröm för stadens husdjur - LOS ANGELES. Bränderna ger stadens hundar PTSD. – Det här kommer påverka dem under mycket lång tid, säger Kevin McManus vid Pasadena humane, ett center för herrelösa husdjur."
"Förundersökning om DN-reporters pengar till kriminell läggs ned - Polisen lägger ned en förundersökning om penningtvättsbrott, som bland annat var kopplad till en överföring från en tidigare DN-reporter till en kriminell. – Det finns inte längre anledning att anta att det begåtts ett brott, säger polisens förundersökningsledare Sabina Eklund."
"Var tionde jobb ska bort på Boozt - Nätbutiken Boozt, med huvudkontor i Malmö, drar ned den fast anställda personalstyrkan med cirka 10 procent, skriver bolaget i ett pressmeddelande."
"Regeringen vill utöka civilplikten - Regeringen vill att antalet personer inom civilplikten ska upp till totalt 3 000 ”inom några år”. Civilplikten, som återinfördes förra året, har hittills omfattat 300 personer som fått utbildning inom exempelvis räddningstjänsten."
"Eldstormen slukade OS-medaljerna – får kopior av IOK - Gary Hall Jr flydde när eldstormen slukade hans hem i Pacific Palisades i förra veckan. Allt han fick med sig var hunden, lite hundmat, sitt insulin, en tavla och ett religiöst föremål. De tio OS-medaljerna gick förlorade i lågorna."
"Färre gick på bio 2024 - Biobesöken minskade med 600 000 förra året jämfört med året före. Men Svenska Bios vd Peter Fornstam är inte orolig så länge inte branschen utsätts för fler oväntade kriser. – Vad vi behöver är ett stabilt flöde av film, sedan klarar vi resten själva."
Warren Buffetts son tar över som ordförande - Finanskonglomerat Berkshire Hathaway leds sedan decennier av Warren Buffett som är både vd och styrelseordförande. Han är nu 94 år och i november 2023 avled parhästen Charlie Munger vid 99 års ålder.
"Formstarkt och uttrycksfullt när festivalen Frontside blickar bortom det synliga - Kammarmusikfestivalen Frontside har tidigare utforskat de fyra väderstrecken. Årets festival har temat ”bortom horisonten”, där verk av såväl Olivier Messiaen som Jonatan Sersam lyckas framkalla den rätta känslan, skriver Martin Nyström."
Upprop: Skönlitteraturen måste stärkas - Läskrisen hävs inte om skönlitteraturens ställning inte stärks på skolor och lärarutbildningar. Det hävdar ett 70-tal litteraturvetare och lärarutbildare från landets lärosäten i ett upprop.
I Timothy Snyders värld är friheten granne med jämlikheten - Historikern Timothy Snyders ”Om frihet” är en hård uppgörelse med allt som hindrar friheten att slå rot i dagens samhällen. Men också en personlig historia om uppväxten i USA och kriget i Ukraina. Jan Eklund läser en eldig men ojämn bok.
"I Ringo Starrs lättsmälta country hörs spår av The Beatles - Man kan fråga sig varför den forna Beatles-batteristen gör country just precis nu, när genren är hetare än på länge. Men ”Look up” är en så pass sympatisk liten skiva att sådana cyniska invändningar lätt bleknar, skriver DN:s Mattias Dahlström."
Det våras för dokumentären på Guldbaggegalan - Det har gått 30 år sedan en dokumentär kammade hem en Guldbagge i kategorin bästa film. Kan publikfavoriten ”Den sista resan” eller den omtalade ”G – 21 scener från Gottsunda” bryta dokumentärfilmens långa förlustsvit när det nu är dags för Guldbaggegala igen?
Jude Law ska spela Putin i ny film - Jude Law ska spela Rysslands president Vladimir Putin i en ny film om presidentens tidiga år vid makten. Även Alicia Vikander ska medverka i filmen som bygger på boken ”Trollkarlen i Kreml”.
"Försvaret får drönarsvärmar – kan i framtiden bära vapen - SÄLEN. Saab och armén har i hemlighet utvecklat en ny drönarteknik, som de avslöjade på Folk och försvars rikskonferens. En svärm på ett hundratal drönare ska snart prövas på en övning för att samla detaljerad information. I framtiden kan de komma att bära vapen – men de får inte döda på egen hand."
"Här ger Elisabet bort sin höftkula: ”Kändes självklart” - UPPSALA. Hud, hjärtklaffar och ben – varje år räddar donerad vävnad liv. Men för att kunna hantera katastrofer måste Sverige bli självförsörjande. DN följde med in i operationssalen när Elisabet Falk fick en ny höftkula – och lämnade vidare sin gamla."
"Forskare: Covid-19 smittar via luften på ett par minuter - Det räcker att vistas några minuter i samma rum som en coronavirusbärare för att själv bli smittad, skriver Forskning.se. Enligt forskarlaget från Lunds universitet är det inte nog med att hålla avstånd."
Kyrgios i smärtor: Kan ha spelat min sista singel här - Nick Kyrgios spelade skadad och förlorade i Australian Open. Nu kan australiske stjärnan ha gjort sin sista singelmatch i grand slam-turneringen på hemmaplan. – Jag kan inte riktigt se mig själv spela här igen.
"Sandra Stiskalo: Därför borde Filip Hammar ”lilla gumma” Shima Niavarani i kväll - Inför kvällens Guldbaggegala har jag bara en önskan: en skandal. Ge oss något banalt att fördöma eller älska, skriver Sandra Stiskalo."
Kronan förlorare i turbulent handel - Den svenska kronan tillhör – tillsammans med det brittiska pundet – förlorarna i turbulent handel på den globala valutamarknaden.
"Liga lurade pensionärer på mångmiljonbelopp – åtalas - Ligan ska ha lurat ett stort antal pensionärer på mångmiljonbelopp. Nu åtalas fyra personer efter att en hackare kartlagt brottsligheten och lämnat över bevisen till polis. – Jag bedömer att det finns fler inblandade som ännu inte är identifierade, säger åklagaren Anton Larsson Forsberg."
"Sverige skickar väpnad styrka till Östersjön - SÄLEN.  Sverige skickar för första gången en väpnad styrka till en Natoinsats på Östersjön. Målet är att stärka säkerheten runt de sårbara undervattenskablarna. – Läget är allvarligt, säger statsminister Ulf Kristersson (M)."
"Jobben för arbetarklassen försvinner med bränderna - LOS ANGELES. När lyxvillorna brinner upp i Hollywood förlorar den latinamerikanska arbetarklassen sina jobb. I Pasadena, nordost om Los Angeles, blir det tydligt att bränderna är en katastrof för hela befolkningen."
"Experter: Dolda motiv bakom Grönlandsutspel - <p>Donald Trumps utspel om att göra Grönland amerikanskt kan vara en dimridå för verkliga intressen.</p><p>– Det här är likt öppningen i ett schackparti, säger statsvetaren Anamaria Dutceac Segesten.</p>"
Prinsessan Kates cancerbesked: Mår bättre
Prinsessan Kates cancerbesked: Mår bättre - <p>Prinsessan Kate mår allt bättre efter sin cellgiftsbehandling i somras och är i stort symptomfri. Det skriver hon själv på Instagram.</p>
"”Vi utser en mästare i kroppkakor” - <p>Bolognesetävling, perfekt sushi och kroppkakor med familjen är tre matminnen som har satt spår hos Laila Bagge.</p>"
Fick livshotande skador – nu återinförs bajonetten - <p>Högvaktssoldaterna utanför slottet har återigen börjat använda bajonetter efter helgens olycka. Nu kräver Pliktrådet att Försvarsmakten genomför en grundlig utredning och utvecklar sina rutiner.</p>
"”Det hetsas om att man ska hoppa på tåget” - <p>Gör ditt livs klipp före alla andra. Intresset för onoterade företag växer, och nya plattformar erbjuder sparare en genväg. Men Sverre Linton på Aktiespararna varnar: ”Det finns riktigt oseriösa aktörer.”</p>"
Kritiken: ”Strömmer har agerat extremt oseriöst” - <p>Grundlagsutredningen ska läggas fram på onsdag. Sluttampen har präglats av konflikter. Justitierådet som lett arbetet riktar hård kritik mot regeringen – och S-källor vet inte om partiet ska medverka när utredningen lämnas över.</p>
Northvolt utmätt på miljon­belopp av Kronofogden
Bohlin har fel om hur Sverige blir starkt - <p>Att göra individualism till ett samhällsproblem är ett stort misstag av ministern för civilt försvar. Då förstår man inte vad som gör fria samhällen starka.</p>
"Trumps kontroversielle kandidat frågas ut - <p>Tidigare tv-ankaret Pete Hegseth, som Donald Trump vill se som USA:s försvarsminister, frågas ut i ett senatsutskott. Utnämningen är kontroversiell, och han både hyllas och buas ut.</p>"
Bohemlivet i Berlin lockar inte längre - <p>Berlin saknar industri – här är det kultur som har fått stå för tillväxten. Men så är det inte längre. Efter klubbdöden hotas nu den tyska huvudstadens kulturliv av jättelika besparingar.</p>
Trump ska tala till höjdarna i Davos
Ringhals vd lämnar sin tjänst
Kärnkraftverkens vd lämnar sin post
"Drönarattacker utmanar rysk ekonomi: ”Tydligt” - <p>Ryssland drabbas allt mer av spridda drönarattacker. Nu nästan 100 mil in i landet – med siktet inställt på energi- och industrianläggningar. ”Det är tydligt att det ryska luftförsvaret har problem”, säger Jörgen Elfving, tidigare överstelöjtnant.</p>"
"Barn gör fejknaglar: ”allergiframkallande” - <p>Allt fler barn vill göra manikyr. Men nu kommer larm om att fejknaglar kan ge allergi. ”Det finns oseriösa företag som inte bryr sig om riskerna”, säger Caroline Wirström på Svenska estetikers yrkesförbund.</p>"
"Guide: Handbolls-VM 2025 - <p>Sverige är revanschsuget efter OS-missen i somras, men skador stör.</p><p>Favoritskapet hamnar i stället som vanligt på Danmark.</p><p>Här är guiden inför herrarnas handbolls-VM.</p>"
"Larmet: Blindgångare dödar barn i Syrien - <p>På en månad har över 100 barn antingen dödats eller skadats svårt av blindgångare i Syrien, enligt FN.</p>"
"Vad är det för sadistisk lek SJ sysslar med? - <p>Tåg byter spår, avgångar får nya klockslag. När tåget slutligen anländer sitter folk med tårar i ögonen – vissa av kyla, andra av glädje. Sen inleds en mer lågintensiv terror.</p>"
Karlsson tillbaka – åker i Les Rousses - <p>Överbelastningsskadan i foten stoppade henne från Tour de Ski.</p><p>Nu är Frida Karlsson redo för världscupen igen. Skidstjärnan gör comeback i Les Rousses senare i veckan.</p>
"”Sverige bör stå upp för Antarktis” - <p>Rysslands och Kinas vårdslösa agerande i Antarktis kräver att Sverige och andra länder ökar insatserna för forskning, förvaltning och samarbete. Det skriver forskaren Thomas Dahlgren. </p>"
"Ryssland tar fler risker: ”Kan hända i Sverige” - <p>Ryssland tar allt större risker när det kommer till påverkan och sabotage i väst, enligt Säpo.</p><p>– Det allvarliga säkerhetsläget kan komma att försämras ytterligare och det kan gå fort, säger Säpochefen Charlotte von Essen.</p>"
"Från misär till Garbo-film för Lorna Tucker - <p>När hon var 15 år gammal levde Lorna Tucker på gatan i London, tog droger, och prostituerade sig. Snart tre decennier senare är hon en hyllad dokumentärfilmare – nu aktuell med en film om Greta Garbo.</p>"
"Gaiman anklagas för flera övergrepp - <p>Den brittiske författaren Neil Gaiman anklagas för sexuella övergrepp av åtta kvinnor, rapporterar BBC. Flera filmatiseringar av hans böcker skjuts nu på framtiden.</p>"
"&quot;Barn agerar torpeder åt främmande makt&quot; - <p>Före 2024 var det mycket ovanligt med barntorpeder. I dag utnyttjas de inte bara av gängen – utan även av främmande makt, enligt rikspolischef Petra Lundh.</p><p>– Det här rör sig otroligt snabbt, säger hon.</p>"
"Replik: Raseriet är talande - <p>Att utmåla kritik mot mediernas ideologiska slagsida som postmodern humbug visar de gamla mediernas hemmablinda bunkermentalitet, skriver Henrik Jönsson i en replik. Peter Wennblad svarar.</p>"
"Seger för Sverige om minimilöner - <p>EU:s direktiv om minimilöner bör återkallas i sin helhet, enligt en generaladvokat vid EU-domstolen. Det ger Sverige och Danmark vind i seglen i sina protester.</p>"
Kravet för att bli svensk: Prov i samhällskunskap - <p>Kraven för att bli svensk medborgare skärps. Regeringens utredare föreslår flera nya regler – och en ”udda fågel”. </p>
Källa: Ryskt fartyg seglade vid gasledning
"”Bistånd minskar inte fattigdomen” - <p>Vi vet idag att bistånd har misslyckats med att minska fattigdomen. Den handlar istället om grundläggande systemfel i vissa länders politiska strukturer, skriver Adam Danieli i en slutreplik. </p>"
